[000000001C0D126D],0.000000,124.713596,0.000000,49.996408,python3,,0
[000000006562693C],0.000000,117.098486,0.000000,46.943588,_ctypes,,0
DllCanUnloadNow,0.000000,117.098486,0.000000,46.943588,_ctypes,[unknown],0
PyGC_Collect,0.000000,0.008972,0.000000,0.003597,python36,[unknown],0
PyGC_CollectNoFail,0.000000,0.007974,0.000000,0.003197,python36,[unknown],0
PyMethod_ClearFreeList,0.000000,0.016946,0.000000,0.006793,python36,[unknown],0
PyDict_MaybeUntrack,0.012973,0.034623,0.005201,0.013880,python36,[unknown],0
PyIter_Next,0.011000,0.011000,0.004410,0.004410,python36,[unknown],0
PyBytes_Resize,0.000000,0.022913,0.000000,0.009186,python36,[unknown],0
PyObject_CallMethodId_SizeT,0.000000,0.022913,0.000000,0.009186,python36,[unknown],0
Py_fstat_noraise,0.000000,0.020930,0.000000,0.008391,python36,[unknown],0
Py_read,0.000000,0.201470,0.000000,0.080767,python36,[unknown],0
PyEval_RestoreThread,0.010977,0.010977,0.004401,0.004401,python36,[unknown],0
PyImport_Cleanup,0.000000,0.007974,0.000000,0.003197,python36,[unknown],0
PyLong_FromSsize_t,0.000000,0.011940,0.000000,0.004787,python36,[unknown],0
PyObject_HasAttrId,0.000000,0.003973,0.000000,0.001593,python36,[unknown],0
PyObject_CallMethodObjArgs,0.000000,1.067935,0.000000,0.428124,python36,[unknown],0
PyObject_Call,0.000000,0.020930,0.000000,0.008391,python36,[unknown],0
PyObject_GetAttr,0.000000,0.033967,0.000000,0.013617,python36,[unknown],0
PyObject_FastCallDict,0.000000,1.033968,0.000000,0.414507,python36,[unknown],0
PyTuple_New,0.000000,0.003973,0.000000,0.001593,python36,[unknown],0
PyObject_ClearWeakRefs,0.014448,0.014448,0.005792,0.005792,python36,[unknown],0
PyImport_ImportModuleLevelObject,0.000000,0.008990,0.000000,0.003604,python36,[unknown],0
PyObject_GC_Del,0.020941,0.020941,0.008395,0.008395,python36,[unknown],0
PyObject_Free,0.047909,0.047909,0.019206,0.019206,python36,[unknown],0
PyUnicode_New,0.011940,0.023864,0.004787,0.009567,python36,[unknown],0
PyDict_SetDefault,0.020946,0.020946,0.008397,0.008397,python36,[unknown],0
PyObject_GenericGetAttrWithDict,0.189639,0.210585,0.076024,0.084421,python36,[unknown],0
PyEval_EvalFrameDefault,0.170197,124.696650,0.068230,49.989614,python36,[unknown],0
PyArg_Parse_SizeT,0.000000,0.009976,0.000000,0.003999,python36,[unknown],0
PyLong_New,0.000000,0.011940,0.000000,0.004787,python36,[unknown],0
Py_FinalizeEx,0.000000,0.016946,0.000000,0.006793,python36,[unknown],0
PyImport_AddModule,0.006954,0.027884,0.002788,0.011178,python36,[unknown],0
PyObject_CallFunction_SizeT,0.000000,0.020930,0.000000,0.008391,python36,[unknown],0
PyObject_CallFunction,0.000000,0.020930,0.000000,0.008391,python36,[unknown],0
PyList_Size,0.000000,123.136191,0.000000,49.364042,python36,[unknown],0
PyBytes_FromStringAndSize,0.000000,0.065673,0.000000,0.026328,python36,[unknown],0
PyFloat_AsDouble,0.000000,0.010967,0.000000,0.004397,python36,[unknown],0
PyUnicode_AsUnicodeAndSize,0.007965,0.007965,0.003193,0.003193,python36,[unknown],0
PyArg_ParseStack_SizeT,0.000000,0.007965,0.000000,0.003193,python36,[unknown],0
PyArg_ParseTupleAndKeywords,0.000000,0.021617,0.000000,0.008666,python36,[unknown],0
PyArg_ParseTuple,0.010650,0.029582,0.004269,0.011859,python36,[unknown],0
PyArg_ParseTuple_SizeT,0.023912,0.064755,0.009586,0.025960,python36,[unknown],0
PyUnicode_Partition,0.000000,5.987720,0.000000,2.400416,python36,[unknown],0
PyFunction_FastCallDict,0.000000,5.987720,0.000000,2.400416,python36,[unknown],0
PyObject_CallFunctionObjArgs,0.055881,124.696650,0.022402,49.989614,python36,[unknown],0
PyCFunction_FastCallDict,0.000000,6.970517,0.000000,2.794409,python36,[unknown],0
Py_CheckFunctionResult,0.033902,124.696650,0.013591,49.989614,python36,[unknown],0
PyFrame_New,0.000000,0.011002,0.000000,0.004411,python36,[unknown],0
PyUnicode_FromId,0.011002,0.011002,0.004411,0.004411,python36,[unknown],0
PyType_GenericAlloc,0.000000,5.987720,0.000000,2.400416,python36,[unknown],0
PyObject_GenericSetAttrWithDict,0.046877,0.059889,0.018793,0.024009,python36,[unknown],0
PyOS_InitInterrupts,0.012955,0.067447,0.005194,0.027039,python36,[unknown],0
PyArena_Free,0.000000,124.696650,0.000000,49.989614,python36,[unknown],0
PyEval_EvalCode,0.000000,124.696650,0.000000,49.989614,python36,[unknown],0
PyEval_EvalCodeEx,0.000000,124.696650,0.000000,49.989614,python36,[unknown],0
PyOS_vsnprintf,0.021978,0.860896,0.008811,0.345124,python36,[unknown],0
PyThread_get_key_value,0.000000,0.031919,0.000000,0.012796,python36,[unknown],0
Py_Main,0.000000,0.016946,0.000000,0.006793,python36,[unknown],0
PyObject_RichCompare,0.010967,0.010967,0.004397,0.004397,python36,[unknown],0
PyDict_Merge,0.000000,0.003973,0.000000,0.001593,python36,[unknown],0
PyDict_Clear,0.000000,0.003973,0.000000,0.001593,python36,[unknown],0
PyExc_Fini,0.010966,0.053525,0.004396,0.021458,python36,[unknown],0
Py_GetProgramName,0.009976,0.009976,0.003999,0.003999,python36,[unknown],0
Py_FatalError,0.021940,124.696650,0.008796,49.989614,python36,[unknown],0
Py_hashtable_size,0.000000,124.696650,0.000000,49.989614,python36,[unknown],0
PyOS_SigintEvent,0.000000,0.010967,0.000000,0.004397,python36,[unknown],0
PyTraceMalloc_Untrack,3.945386,4.337376,1.581665,1.738810,python36,[unknown],0
PyOS_Readline,0.000000,1.552591,0.000000,0.622418,python36,[unknown],0
PyAST_Validate,0.000000,1.552591,0.000000,0.622418,python36,[unknown],0
Py_CheckRecursiveCall,0.000000,0.011939,0.000000,0.004786,python36,[unknown],0
PyRun_AnyFileExFlags,0.000000,124.696650,0.000000,49.989614,python36,[unknown],0
PyRun_FileExFlags,0.000000,124.696650,0.000000,49.989614,python36,[unknown],0
PyRun_SimpleFileExFlags,0.000000,124.696650,0.000000,49.989614,python36,[unknown],0
ZN5csvdb6maxAgg6updateEPNS_10TableValueE,0.108041,0.333792,0.043313,0.133814,csvdb,[unknown],0
ZN5csvdb8countAgg6updateEPNS_10TableValueE,0.044878,0.080777,0.017991,0.032383,csvdb,[unknown],0
ZN5csvdb6Column6getRowEv,0.387285,5.204956,0.155259,2.086614,csvdb,[unknown],0
Table_select,0.000000,117.098486,0.000000,46.943588,csvdb,[unknown],0
ZN5csvdblsERSt14basic_ofstreamIcSt11char_traitsIcEERKNS_3RowE,2.800207,15.974973,1.122574,6.404204,csvdb,[unknown],0
ZNK5csvdb3RowltERKS0_,13.684079,22.574028,5.485808,9.049697,csvdb,[unknown],0
ZN5csvdb3RowD1Ev,0.251705,4.242687,0.100906,1.700850,csvdb,[unknown],0
ZN5csvdb5Table6selectEPKc,0.000000,117.098486,0.000000,46.943588,csvdb,[unknown],0
ZN5csvdb5Table11selectGroupEPKc,0.320947,117.098486,0.128664,46.943588,csvdb,[unknown],0
ZN5csvdb5Table10updateAggsEPPNS_10AggregatorEPNS_3RowE,0.327211,0.741780,0.131176,0.297372,csvdb,[unknown],0
ZN5csvdb5Table12requestOrderEv,0.000000,61.376759,0.000000,24.605316,csvdb,[unknown],0
ZN5csvdb5Table11selectOrderEPKc,0.120771,61.376759,0.048416,24.605316,csvdb,[unknown],0
ZN5csvdb5Table8sortFileB5cxx11Ei,1.049893,61.186299,0.420891,24.528963,csvdb,[unknown],0
ZN5csvdb5Table13getRowFromCSVEPNS_3RowERSt14basic_ifstreamIcSt11char_traitsIcEE,0.806424,54.051914,0.323287,21.668861,csvdb,[unknown],0
ZN5csvdb5Table8getValueB5cxx11ERSt14basic_ifstreamIcSt11char_traitsIcEE,2.204141,64.076493,0.883618,25.687612,csvdb,[unknown],0
ZN5csvdb14TableTimestampC2ENSt7__cxx1112basic_stringIcSt11char_traitsIcESaIcEEE,0.199541,2.971931,0.079994,1.191417,csvdb,[unknown],0
ZN5csvdb14TableTimestamp14readFromStreamERSt14basic_ifstreamIcSt11char_traitsIcEE,0.389120,0.753655,0.155994,0.302133,csvdb,[unknown],0
ZN5csvdb14TableTimestamp10writeToCSVERSt14basic_ofstreamIcSt11char_traitsIcEE,0.084704,1.008014,0.033957,0.404103,csvdb,[unknown],0
ZNK5csvdb14TableTimestampgtERKNS_10TableValueE,0.026902,0.225751,0.010785,0.090501,csvdb,[unknown],0
ZN5csvdbrsERSt14basic_ifstreamIcSt11char_traitsIcEERNS_10TableValueE,0.224294,4.370689,0.089917,1.752165,csvdb,[unknown],0
ZN5csvdblsERSt14basic_ofstreamIcSt11char_traitsIcEERNS_10TableValueE,3.919306,12.336979,1.571210,4.945769,csvdb,[unknown],0
ZNK5csvdb10TableValue14satisfiesWhereENS_12WhereOperandEPKS0_,0.160628,0.419953,0.064394,0.168355,csvdb,[unknown],0
ZN5csvdb12TableVarchar14readFromStreamERSt14basic_ifstreamIcSt11char_traitsIcEE,0.065816,3.392740,0.026385,1.360115,csvdb,[unknown],0
ZN5csvdb12TableVarchar10writeToCSVERSt14basic_ofstreamIcSt11char_traitsIcEE,0.260119,7.409659,0.104279,2.970457,csvdb,[unknown],0
ZNK5csvdb12TableVarcharltERKNS_10TableValueE,0.308113,8.889949,0.123519,3.563890,csvdb,[unknown],0
ZNK5csvdb12TableVarcharneERKNS_10TableValueE,0.037997,0.791598,0.015233,0.317344,csvdb,[unknown],0
ZNK5csvdb12TableVarchar6isNullEv,0.054937,0.054937,0.022024,0.022024,csvdb,[unknown],0
GOMP_parallel,0.000000,24.096455,0.000000,9.660023,csvdb,[unknown],0
goacc_host_init,1.247055,1.391777,0.499932,0.557949,csvdb,[unknown],0
pthread_once,0.556313,0.556313,0.223020,0.223020,csvdb,[unknown],0
ZN5csvdb10TableValueC2Ev,0.108241,0.108241,0.043393,0.043393,csvdb,[unknown],0
ZN5csvdb12TableVarchar5cloneEv,0.067813,6.787922,0.027186,2.721209,csvdb,[unknown],0
ZN5csvdb12TableVarcharC1ENSt7__cxx1112basic_stringIcSt11char_traitsIcESaIcEEE,0.174415,4.688234,0.069921,1.879465,csvdb,[unknown],0
ZN5csvdb14TableTimestamp5cloneEv,0.029820,0.773053,0.011955,0.309909,csvdb,[unknown],0
ZN5csvdb14TableTimestampC1Ei,0.038017,0.064898,0.015241,0.026017,csvdb,[unknown],0
ZN5csvdb3RowC1EPPNS_10TableValueEi,0.057352,0.057352,0.022992,0.022992,csvdb,[unknown],0
ZN9__gnu_cxx13new_allocatorIPN5csvdb3RowEE10deallocateEPS3_y,0.000000,0.008992,0.000000,0.003605,csvdb,[unknown],0
ZN9__gnu_cxx13new_allocatorIPN5csvdb3RowEE8allocateEyPKv,0.000000,0.012965,0.000000,0.005198,csvdb,[unknown],0
ZN9__gnu_cxx13new_allocatorIPN5csvdb3RowEE9constructIS3_JRKS3_EEEvPT_DpOT0_,0.116623,0.145488,0.046753,0.058325,csvdb,[unknown],0
ZN9__gnu_cxx14__alloc_traitsISaIcEcE17_S_select_on_copyERKS1_,0.167478,0.408952,0.067140,0.163945,csvdb,[unknown],0
ZN9__gnu_cxx17__is_null_pointerIKcEEbPT_,0.091687,0.091687,0.036756,0.036756,csvdb,[unknown],0
ZN9__gnu_cxx17__is_null_pointerIcEEbPT_,0.260391,0.260391,0.104388,0.104388,csvdb,[unknown],0
ZN9__gnu_cxx17__normal_iteratorIPPN5csvdb3RowESt6vectorIS3_SaIS3_EEEppEv,0.028935,0.028935,0.011600,0.011600,csvdb,[unknown],0
ZN9__gnu_cxx6__stoaIyycJiEEET0_PFT_PKT1_PPS3_DpT2_EPKcS5_PyS9_,0.119665,2.093724,0.047972,0.839353,csvdb,[unknown],0
ZN9__gnu_cxxneIPPN5csvdb3RowESt6vectorIS3_SaIS3_EEEEbRKNS_17__normal_iteratorIT_T0_EESD_,0.048704,0.058679,0.019525,0.023524,csvdb,[unknown],0
ZN9__gnu_cxxneIPSt4pairIPPN5csvdb3RowES5_ESt6vectorIS6_SaIS6_EEEEbRKNS_17__normal_iteratorIT_T0_EESG_,4.092369,5.867613,1.640589,2.352266,csvdb,[unknown],0
ZNK9__gnu_cxx13new_allocatorIcE8max_sizeEv,0.064802,0.064802,0.025978,0.025978,csvdb,[unknown],0
ZNK9__gnu_cxx17__normal_iteratorIPPN5csvdb3RowESt6vectorIS3_SaIS3_EEE4baseEv,0.009975,0.009975,0.003999,0.003999,csvdb,[unknown],0
ZNK9__gnu_cxx17__normal_iteratorIPPN5csvdb3RowESt6vectorIS3_SaIS3_EEEdeEv,0.018979,0.018979,0.007608,0.007608,csvdb,[unknown],0
ZNK9__gnu_cxx17__normal_iteratorIPcNSt7__cxx1112basic_stringIcSt11char_traitsIcESaIcEEEE4baseEv,0.044885,0.086704,0.017994,0.034759,csvdb,[unknown],0
ZNKSt4lessIPKcEclES1_S1_,0.027000,0.027000,0.010824,0.010824,csvdb,[unknown],0
ZNKSt6chrono8durationIxSt5ratioILx1ELx1000EEE5countEv,0.323379,0.323379,0.129639,0.129639,csvdb,[unknown],0
ZNKSt7__cxx1112basic_stringIcSt11char_traitsIcESaIcEE11_M_disjunctEPKc,0.163464,0.324916,0.065531,0.130256,csvdb,[unknown],0
ZNKSt7__cxx1112basic_stringIcSt11char_traitsIcESaIcEE11_M_is_localEv,0.595465,2.593166,0.238716,1.039574,csvdb,[unknown],0
ZNKSt7__cxx1112basic_stringIcSt11char_traitsIcESaIcEE13_M_local_dataEv,0.383273,1.291611,0.153650,0.517794,csvdb,[unknown],0
ZNKSt7__cxx1112basic_stringIcSt11char_traitsIcESaIcEE15_M_check_lengthEyyPKc,0.130858,0.665871,0.052460,0.266941,csvdb,[unknown],0
ZNKSt7__cxx1112basic_stringIcSt11char_traitsIcESaIcEE16_M_get_allocatorEv,0.216059,0.216059,0.086616,0.086616,csvdb,[unknown],0
ZNKSt7__cxx1112basic_stringIcSt11char_traitsIcESaIcEE4dataEv,0.257037,0.418601,0.103044,0.167813,csvdb,[unknown],0
ZNKSt7__cxx1112basic_stringIcSt11char_traitsIcESaIcEE4findEPKcy,0.091660,1.809481,0.036746,0.725402,csvdb,[unknown],0
ZNKSt7__cxx1112basic_stringIcSt11char_traitsIcESaIcEE4findEPKcyy,0.315193,1.205717,0.126358,0.483360,csvdb,[unknown],0
ZNKSt7__cxx1112basic_stringIcSt11char_traitsIcESaIcEE4sizeEv,1.720472,1.720472,0.689720,0.689720,csvdb,[unknown],0
ZNKSt7__cxx1112basic_stringIcSt11char_traitsIcESaIcEE5c_strEv,0.017980,0.054822,0.007208,0.021978,csvdb,[unknown],0
ZNKSt7__cxx1112basic_stringIcSt11char_traitsIcESaIcEE6lengthEv,0.291944,0.291944,0.117037,0.117037,csvdb,[unknown],0
ZNKSt7__cxx1112basic_stringIcSt11char_traitsIcESaIcEE6substrEyy,0.038389,2.557560,0.015390,1.025300,csvdb,[unknown],0
ZNKSt7__cxx1112basic_stringIcSt11char_traitsIcESaIcEE7_M_dataEv,2.565417,2.565417,1.028449,1.028449,csvdb,[unknown],0
ZNKSt7__cxx1112basic_stringIcSt11char_traitsIcESaIcEE7compareEPKc,0.091322,0.578025,0.036610,0.231724,csvdb,[unknown],0
ZNKSt7__cxx1112basic_stringIcSt11char_traitsIcESaIcEE7compareERKS4_,1.311291,3.748431,0.525683,1.502708,csvdb,[unknown],0
ZNKSt7__cxx1112basic_stringIcSt11char_traitsIcESaIcEE8_M_checkEyPKc,0.157481,0.262277,0.063133,0.105144,csvdb,[unknown],0
ZNKSt7__cxx1112basic_stringIcSt11char_traitsIcESaIcEE8_M_limitEyy,0.177188,0.254000,0.071033,0.101826,csvdb,[unknown],0
ZNKSt7__cxx1112basic_stringIcSt11char_traitsIcESaIcEE8capacityEv,0.148566,1.025321,0.059559,0.411041,csvdb,[unknown],0
ZNKSt7__cxx1112basic_stringIcSt11char_traitsIcESaIcEE8max_sizeEv,2.265872,6.465116,0.908365,2.591799,csvdb,[unknown],0
ZNSaISt4pairIPPN5csvdb3RowES3_EED2Ev,4.479176,7.539878,1.795656,3.022660,csvdb,[unknown],0
ZNSt11__copy_moveILb0ELb1ESt26random_access_iterator_tagE8__copy_mIPN5csvdb3RowEEEPT_PKS6_S9_S7_,0.000000,0.051834,0.000000,0.020780,csvdb,[unknown],0
ZNSt11char_traitsIcE4copyEPcPKcy,1.035634,2.705010,0.415175,1.084411,csvdb,[unknown],0
ZNSt11char_traitsIcE4findEPKcyRS1_,0.111651,0.433152,0.044760,0.173646,csvdb,[unknown],0
ZNSt11char_traitsIcE6assignERcRKc,0.991628,0.991628,0.397534,0.397534,csvdb,[unknown],0
ZNSt11char_traitsIcE6lengthEPKc,1.536825,1.536825,0.616097,0.616097,csvdb,[unknown],0
ZNSt11char_traitsIcE7compareEPKcS2_y,0.486598,0.850843,0.195072,0.341094,csvdb,[unknown],0
ZNSt12_Vector_baseIPN5csvdb3RowESaIS2_EE11_M_allocateEy,0.000000,0.012965,0.000000,0.005198,csvdb,[unknown],0
ZNSt12_Vector_baseIPN5csvdb3RowESaIS2_EE13_M_deallocateEPS2_y,0.000000,0.008992,0.000000,0.003605,csvdb,[unknown],0
ZNSt12_Vector_baseIPN5csvdb3RowESaIS2_EED2Ev,0.000000,0.008992,0.000000,0.003605,csvdb,[unknown],0
ZNSt12_Vector_baseISt4pairIPPN5csvdb3RowES4_ESaIS5_EED2Ev,0.905291,3.423279,0.362922,1.372358,csvdb,[unknown],0
ZNSt13move_iteratorIPSt4pairIPN5csvdb3RowExEEppEv,0.000000,0.008999,0.000000,0.003608,csvdb,[unknown],0
ZNSt14pointer_traitsIPKcE10pointer_toERS0_,0.320441,0.908338,0.128462,0.364143,csvdb,[unknown],0
ZNSt14pointer_traitsIPcE10pointer_toERc,2.301413,6.162258,0.922613,2.470386,csvdb,[unknown],0
ZNSt16allocator_traitsISaIPN5csvdb3RowEEE10deallocateERS3_PS2_y,0.000000,0.008992,0.000000,0.003605,csvdb,[unknown],0
ZNSt16allocator_traitsISaIPN5csvdb3RowEEE8allocateERS3_y,0.000000,0.012965,0.000000,0.005198,csvdb,[unknown],0
ZNSt16allocator_traitsISaIPN5csvdb3RowEEE9constructIS2_JRKS2_EEEvRS3_PT_DpOT0_,0.027412,0.190796,0.010989,0.076488,csvdb,[unknown],0
ZNSt16allocator_traitsISaIcEE37select_on_container_copy_constructionERKS0_,0.232471,0.241474,0.093195,0.096804,csvdb,[unknown],0
ZNSt16allocator_traitsISaIcEE8max_sizeERKS0_,0.099821,0.164623,0.040017,0.065996,csvdb,[unknown],0
ZNSt20__uninitialized_copyILb1EE13__uninit_copyIN9__gnu_cxx17__normal_iteratorIPPN5csvdb3RowESt6vectorIS6_SaIS6_EEEES7_EET0_T_SD_SC_,0.000000,0.051834,0.000000,0.020780,csvdb,[unknown],0
ZNSt6chronomiIxSt5ratioILx1ELx1000000000EExS2_EENSt11common_typeIJNS_8durationIT_T0_EENS4_IT1_T2_EEEE4typeERKS7_RKSA_,6.652533,7.208846,2.666933,2.889953,csvdb,[unknown],0
ZNSt6vectorIPN5csvdb3RowESaIS2_EE20_M_allocate_and_copyISt13move_iteratorIPS2_EEES7_yT_S9_,0.000000,0.012965,0.000000,0.005198,csvdb,[unknown],0
ZNSt6vectorIPN5csvdb3RowESaIS2_EE7reserveEy,0.000000,0.012965,0.000000,0.005198,csvdb,[unknown],0
ZNSt6vectorIPN5csvdb3RowESaIS2_EE9push_backERKS2_,0.076782,0.267578,0.030781,0.107269,csvdb,[unknown],0
ZNSt6vectorIPN5csvdb3RowESaIS2_EED1Ev,0.000000,0.008992,0.000000,0.003605,csvdb,[unknown],0
ZNSt7__cxx1112basic_stringIcSt11char_traitsIcESaIcEE10_M_disposeEv,0.280870,1.997281,0.112598,0.800690,csvdb,[unknown],0
ZNSt7__cxx1112basic_stringIcSt11char_traitsIcESaIcEE10_M_replaceEyyPKcy,0.392890,3.402328,0.157506,1.363959,csvdb,[unknown],0
ZNSt7__cxx1112basic_stringIcSt11char_traitsIcESaIcEE10_S_compareEyy,0.535148,0.535148,0.214535,0.214535,csvdb,[unknown],0
ZNSt7__cxx1112basic_stringIcSt11char_traitsIcESaIcEE12_Alloc_hiderC1EPcOS3_,0.643301,1.157964,0.257893,0.464216,csvdb,[unknown],0
ZNSt7__cxx1112basic_stringIcSt11char_traitsIcESaIcEE12_Alloc_hiderC1EPcRKS3_,0.080815,0.098737,0.032398,0.039583,csvdb,[unknown],0
ZNSt7__cxx1112basic_stringIcSt11char_traitsIcESaIcEE12_Alloc_hiderD1Ev,0.412204,0.458089,0.165248,0.183643,csvdb,[unknown],0
ZNSt7__cxx1112basic_stringIcSt11char_traitsIcESaIcEE12_M_constructIPKcEEvT_S8_,0.193448,3.028932,0.077551,1.214268,csvdb,[unknown],0
ZNSt7__cxx1112basic_stringIcSt11char_traitsIcESaIcEE12_M_constructIPKcEEvT_S8_St20forward_iterator_tag,0.461765,2.607086,0.185117,1.045154,csvdb,[unknown],0
ZNSt7__cxx1112basic_stringIcSt11char_traitsIcESaIcEE12_M_constructIPcEEvT_S7_,0.266270,5.869259,0.106745,2.352926,csvdb,[unknown],0
ZNSt7__cxx1112basic_stringIcSt11char_traitsIcESaIcEE12_M_constructIPcEEvT_S7_St20forward_iterator_tag,0.748798,5.231378,0.300185,2.097206,csvdb,[unknown],0
ZNSt7__cxx1112basic_stringIcSt11char_traitsIcESaIcEE13_M_local_dataEv,0.470259,1.429339,0.188522,0.573007,csvdb,[unknown],0
ZNSt7__cxx1112basic_stringIcSt11char_traitsIcESaIcEE13_M_set_lengthEy,1.088269,3.470889,0.436276,1.391444,csvdb,[unknown],0
ZNSt7__cxx1112basic_stringIcSt11char_traitsIcESaIcEE13_S_copy_charsEPcPKcS7_,0.133648,0.791881,0.053578,0.317457,csvdb,[unknown],0
ZNSt7__cxx1112basic_stringIcSt11char_traitsIcESaIcEE13_S_copy_charsEPcS5_S5_,0.358460,1.819134,0.143703,0.729272,csvdb,[unknown],0
ZNSt7__cxx1112basic_stringIcSt11char_traitsIcESaIcEE16_M_construct_auxIPKcEEvT_S8_St12__false_type,0.228398,2.835484,0.091562,1.136717,csvdb,[unknown],0
ZNSt7__cxx1112basic_stringIcSt11char_traitsIcESaIcEE16_M_construct_auxIPcEEvT_S7_St12__false_type,0.371611,5.602989,0.148975,2.246181,csvdb,[unknown],0
ZNSt7__cxx1112basic_stringIcSt11char_traitsIcESaIcEE7_S_copyEPcPKcy,0.922393,3.627403,0.369778,1.454189,csvdb,[unknown],0
ZNSt7__cxx1112basic_stringIcSt11char_traitsIcESaIcEE9_M_appendEPKcy,0.347906,2.293622,0.139472,0.919490,csvdb,[unknown],0
ZNSt7__cxx1112basic_stringIcSt11char_traitsIcESaIcEE9_M_lengthEy,0.927613,0.927613,0.371871,0.371871,csvdb,[unknown],0
ZNSt7__cxx1112basic_stringIcSt11char_traitsIcESaIcEEC1ERKS4_,0.605243,9.632571,0.242636,3.861599,csvdb,[unknown],0
ZNSt7__cxx1112basic_stringIcSt11char_traitsIcESaIcEEC1ERKS4_yy,0.131661,2.407524,0.052782,0.965152,csvdb,[unknown],0
ZNSt7__cxx1112basic_stringIcSt11char_traitsIcESaIcEEC1IS3_EEPKcRKS3_,0.292780,3.123157,0.117373,1.252042,csvdb,[unknown],0
ZNSt7__cxx1112basic_stringIcSt11char_traitsIcESaIcEED1Ev,0.389935,2.845305,0.156321,1.140654,csvdb,[unknown],0
ZNSt7__cxx1112basic_stringIcSt11char_traitsIcESaIcEEpLERKS4_,0.911868,20.106893,0.365559,8.060648,csvdb,[unknown],0
ZNSt7__cxx116stoullERKNS_12basic_stringIcSt11char_traitsIcESaIcEEEPyi,0.000000,2.148546,0.000000,0.861330,csvdb,[unknown],0
ZNSt7__cxx119to_stringEy,0.310343,5.508988,0.124413,2.208497,csvdb,[unknown],0
ZNSt8ios_base9precisionEx,0.711244,17.655408,0.285130,7.077873,csvdb,[unknown],0
ZSt10__distanceIPKcENSt15iterator_traitsIT_E15difference_typeES3_S3_St26random_access_iterator_tag,0.176417,0.176417,0.070724,0.070724,csvdb,[unknown],0
ZSt10__distanceIPcENSt15iterator_traitsIT_E15difference_typeES2_S2_St26random_access_iterator_tag,0.243371,0.243371,0.097565,0.097565,csvdb,[unknown],0
ZSt11__addressofIKcEPT_RS1_,0.294508,0.294508,0.118065,0.118065,csvdb,[unknown],0
ZSt11__addressofIcEPT_RS0_,0.402039,0.402039,0.161173,0.161173,csvdb,[unknown],0
ZSt13__copy_move_aILb0EPPN5csvdb3RowES3_ET1_T0_S5_S4_,0.000000,0.051834,0.000000,0.020780,csvdb,[unknown],0
ZSt13__copy_move_aILb1EPPN5csvdb3RowES3_ET1_T0_S5_S4_,0.206919,0.206919,0.082952,0.082952,csvdb,[unknown],0
ZSt14__copy_move_a2ILb0EN9__gnu_cxx17__normal_iteratorIPPN5csvdb3RowESt6vectorIS4_SaIS4_EEEES5_ET1_T0_SB_SA_,0.000000,0.051834,0.000000,0.020780,csvdb,[unknown],0
ZSt15__alloc_on_moveISaIcEEvRT_S2_,2.948705,6.710357,1.182106,2.690114,csvdb,[unknown],0
ZSt18uninitialized_copyIN9__gnu_cxx17__normal_iteratorIPPN5csvdb3RowESt6vectorIS4_SaIS4_EEEES5_ET0_T_SB_SA_,0.000000,0.051834,0.000000,0.020780,csvdb,[unknown],0
ZSt19__iterator_categoryIPKcENSt15iterator_traitsIT_E17iterator_categoryERKS3_,0.045954,0.045954,0.018422,0.018422,csvdb,[unknown],0
ZSt19__iterator_categoryIPcENSt15iterator_traitsIT_E17iterator_categoryERKS2_,0.072880,0.072880,0.029217,0.029217,csvdb,[unknown],0
ZSt3minIyERKT_S2_S2_,0.258417,0.258417,0.103597,0.103597,csvdb,[unknown],0
ZSt4copyIN9__gnu_cxx17__normal_iteratorIPPN5csvdb3RowESt6vectorIS4_SaIS4_EEEES5_ET0_T_SB_SA_,0.000000,0.051834,0.000000,0.020780,csvdb,[unknown],0
ZSt4moveIRPN5csvdb3RowEEONSt16remove_referenceIT_E4typeEOS5_,0.110705,0.110705,0.044381,0.044381,csvdb,[unknown],0
ZSt4moveIRSaIcEEONSt16remove_referenceIT_E4typeEOS3_,0.514663,0.514663,0.206323,0.206323,csvdb,[unknown],0
ZSt4swapIPN5csvdb3RowEENSt9enable_ifIXsrSt6__and_IJSt6__not_ISt15__is_tuple_likeIT_EESt21is_move_constructibleIS7_ESt18is_move_assignableIS7_EEE5valueEvE4typeERS7_SH_,0.273303,0.384008,0.109564,0.153945,csvdb,[unknown],0
ZSt7forwardIRKPN5csvdb3RowEEOT_RNSt16remove_referenceIS5_E4typeE,0.027845,0.027845,0.011163,0.011163,csvdb,[unknown],0
ZSt7forwardIxEOT_RNSt16remove_referenceIS0_E4typeE,0.369878,3.326924,0.148280,1.333730,csvdb,[unknown],0
ZSt8distanceIPKcENSt15iterator_traitsIT_E15difference_typeES3_S3_,0.138693,0.361064,0.055601,0.144747,csvdb,[unknown],0
ZSt8distanceIPcENSt15iterator_traitsIT_E15difference_typeES2_S2_,0.306237,0.622488,0.122767,0.249549,csvdb,[unknown],0
ZSt9addressofIKcEPT_RS1_,0.293389,0.587897,0.117617,0.235682,csvdb,[unknown],0
ZSt9addressofIcEPT_RS0_,1.385763,6.688288,0.555538,2.681266,csvdb,[unknown],0
ZSt9iter_swapIPPN5csvdb3RowES3_EvT_T0_,0.088171,0.472179,0.035347,0.189292,csvdb,[unknown],0
ZSt9make_pairIRPPN5csvdb3RowES3_ESt4pairINSt17__decay_and_stripIT_E6__typeENS6_IT0_E6__typeEEOS7_OSA_,0.765110,5.468588,0.306725,2.192301,csvdb,[unknown],0
ZSteqIcEN9__gnu_cxx11__enable_ifIXsrSt9__is_charIT_E7__valueEbE6__typeERKNSt7__cxx1112basic_stringIS3_St11char_traitsIS3_ESaIS3_EEESE_,0.078770,0.298791,0.031578,0.119782,csvdb,[unknown],0
ZSteqIcSt11char_traitsIcESaIcEEbRKNSt7__cxx1112basic_stringIT_T0_T1_EEPKS5_,0.036853,0.614878,0.014774,0.246498,csvdb,[unknown],0
ZStleIcSt11char_traitsIcESaIcEEbRKNSt7__cxx1112basic_stringIT_T0_T1_EESA_,0.702975,6.890596,0.281816,2.762370,csvdb,[unknown],0
ZStltIcSt11char_traitsIcESaIcEEbRKNSt7__cxx1112basic_stringIT_T0_T1_EESA_,0.191111,3.939542,0.076614,1.579322,csvdb,[unknown],0
ZStneIcSt11char_traitsIcESaIcEEbRKNSt7__cxx1112basic_stringIT_T0_T1_EESA_,0.064825,0.363616,0.025988,0.145770,csvdb,[unknown],0
ZStorSt13_Ios_OpenmodeS_,0.026874,0.026874,0.010774,0.010774,csvdb,[unknown],0
ZZN9__gnu_cxx6__stoaIyycJiEEET0_PFT_PKT1_PPS3_DpT2_EPKcS5_PyS9_EN10_Range_chk6_S_chkEySt17integral_constantIbLb0EE,0.034984,0.034984,0.014025,0.014025,csvdb,[unknown],0
ZZN9__gnu_cxx6__stoaIyycJiEEET0_PFT_PKT1_PPS3_DpT2_EPKcS5_PyS9_EN11_Save_errnoC1Ev,0.045879,0.389719,0.018392,0.156234,csvdb,[unknown],0
ZZN9__gnu_cxx6__stoaIyycJiEEET0_PFT_PKT1_PPS3_DpT2_EPKcS5_PyS9_EN11_Save_errnoD1Ev,0.064811,0.338905,0.025982,0.135864,csvdb,[unknown],0
ZdlPvS_,0.201381,6.503601,0.080732,2.607227,csvdb,[unknown],0
ZnwyPv,8.704835,14.572448,3.489679,5.841946,csvdb,[unknown],0
strchr,0.010967,0.010967,0.004397,0.004397,VCRUNTIME140,[unknown],0
memmove,0.154638,0.154638,0.061993,0.061993,VCRUNTIME140,[unknown],0
_p___argc,0.000000,0.020930,0.000000,0.008391,ucrtbase,[unknown],0
errno,0.000000,0.021895,0.000000,0.008777,ucrtbase,[unknown],0
free_base,0.000000,0.051884,0.000000,0.020800,ucrtbase,[unknown],0
__lc_locale_name_func,0.000000,0.021895,0.000000,0.008777,ucrtbase,[unknown],0
malloc_base,0.000000,0.011924,0.000000,0.004780,ucrtbase,[unknown],0
_stdio_common_vswprintf_s,0.010978,0.010978,0.004401,0.004401,ucrtbase,[unknown],0
execute_onexit_table,0.000000,0.022913,0.000000,0.009186,ucrtbase,[unknown],0
write,0.000000,0.709185,0.000000,0.284305,ucrtbase,[unknown],0
fileno,0.000000,0.709185,0.000000,0.284305,ucrtbase,[unknown],0
close,0.000000,0.203453,0.000000,0.081562,ucrtbase,[unknown],0
read,0.000000,0.180540,0.000000,0.072377,ucrtbase,[unknown],0
mbtowc_l,0.000000,0.065472,0.000000,0.026247,ucrtbase,[unknown],0
set_thread_local_invalid_parameter_handler,0.010992,0.021970,0.004407,0.008808,ucrtbase,[unknown],0
locking,0.000000,0.042559,0.000000,0.017061,ucrtbase,[unknown],0
wmktemp_s,0.000000,0.020930,0.000000,0.008391,ucrtbase,[unknown],0
wopen,0.000000,0.020930,0.000000,0.008391,ucrtbase,[unknown],0
GetConsoleTitleW,0.000000,0.000000,0.000000,0.000000,KERNELBASE,[unknown],0
FindFirstFileW,0.008990,0.008990,0.003604,0.003604,KERNELBASE,[unknown],0
FindFirstFileExW,0.000000,0.000000,0.000000,0.000000,KERNELBASE,[unknown],0
WriteFile,0.709185,0.709185,0.284305,0.284305,KERNELBASE,[unknown],0
ReadFile,0.180540,0.180540,0.072377,0.072377,KERNELBASE,[unknown],0
DeleteFileW,0.040898,0.040898,0.016396,0.016396,KERNELBASE,[unknown],0
DeleteFileA,0.000000,0.000000,0.000000,0.000000,KERNELBASE,[unknown],0
CreateFileW,0.020930,0.020930,0.008391,0.008391,KERNELBASE,[unknown],0
CloseHandle,0.022913,0.022913,0.009186,0.009186,KERNELBASE,[unknown],0
GetLastError,0.000000,0.000000,0.000000,0.000000,KERNELBASE,[unknown],0
FlsGetValue,0.021895,0.021895,0.008777,0.008777,KERNELBASE,[unknown],0
SetFilePointerEx,0.042559,0.042559,0.017061,0.017061,KERNELBASE,[unknown],0
ReadConsoleA,0.000000,0.000000,0.000000,0.000000,KERNELBASE,[unknown],0
ReadConsoleW,1.552591,1.552591,0.622418,0.622418,KERNELBASE,[unknown],0
islower,0.017873,0.017873,0.007165,0.007165,msvcrt,[unknown],0
isspace,0.080869,0.080869,0.032420,0.032420,msvcrt,[unknown],0
isupper,0.045980,0.045980,0.018433,0.018433,msvcrt,[unknown],0
errno,0.696816,0.696816,0.279346,0.279346,msvcrt,[unknown],0
remove,0.200405,0.200405,0.080340,0.080340,msvcrt,[unknown],0
free,6.108129,6.108129,2.448687,2.448687,msvcrt,[unknown],0
malloc,6.302220,6.302220,2.526496,2.526496,msvcrt,[unknown],0
close,0.000000,0.000000,0.000000,0.000000,msvcrt,[unknown],0
read,2.198302,2.198302,0.881277,0.881277,msvcrt,[unknown],0
write,0.152593,0.152593,0.061173,0.061173,msvcrt,[unknown],0
_threadid,0.000000,0.000000,0.000000,0.000000,msvcrt,[unknown],0
fileno,0.017953,0.017953,0.007197,0.007197,msvcrt,[unknown],0
clearerr_s,0.000000,0.000000,0.000000,0.000000,msvcrt,[unknown],0
fclose,0.008999,0.008999,0.003608,0.003608,msvcrt,[unknown],0
memchr,0.784497,0.784497,0.314497,0.314497,msvcrt,[unknown],0
memcmp,0.364245,0.364245,0.146022,0.146022,msvcrt,[unknown],0
strcmp,0.385899,0.385899,0.154703,0.154703,msvcrt,[unknown],0
strlen,0.112677,0.112677,0.045171,0.045171,msvcrt,[unknown],0
memmove,2.600060,2.600060,1.042338,1.042338,msvcrt,[unknown],0
BaseThreadInitThunk,0.000000,0.000000,0.000000,0.000000,KERNEL32,[unknown],0
RtlRestoreLastWin32Error,0.000000,0.000000,0.000000,0.000000,ntdll,[unknown],0
RtlFreeAnsiString,0.000000,0.000000,0.000000,0.000000,ntdll,[unknown],0
RtlReAllocateHeap,0.000000,0.000000,0.000000,0.000000,ntdll,[unknown],0
RtlFreeHeap,0.051884,0.051884,0.020800,0.020800,ntdll,[unknown],0
RtlGetCurrentServiceSessionId,0.000000,0.000000,0.000000,0.000000,ntdll,[unknown],0
RtlAllocateHeap,0.011924,0.011924,0.004780,0.004780,ntdll,[unknown],0
RtlSizeHeap,0.000000,0.000000,0.000000,0.000000,ntdll,[unknown],0
RtlLeaveCriticalSection,0.011939,0.011939,0.004786,0.004786,ntdll,[unknown],0
RtlEnterCriticalSection,0.009006,0.009006,0.003610,0.003610,ntdll,[unknown],0
RtlRbInsertNodeEx,0.000000,0.000000,0.000000,0.000000,ntdll,[unknown],0
RtlReleaseSRWLockExclusive,0.000000,0.000000,0.000000,0.000000,ntdll,[unknown],0
RtlProtectHeap,0.000000,0.000000,0.000000,0.000000,ntdll,[unknown],0
RtlInitializeCriticalSectionEx,0.000000,0.000000,0.000000,0.000000,ntdll,[unknown],0
RtlTryEnterCriticalSection,0.000000,0.000000,0.000000,0.000000,ntdll,[unknown],0
RtlUserThreadStart,124.722576,124.722576,50.000008,50.000008,ntdll,[unknown],0
RtlRetrieveNtUserPfn,0.000000,0.000000,0.000000,0.000000,ntdll,[unknown],0
ZwReadFile,0.000000,0.000000,0.000000,0.000000,ntdll,[unknown],0
NtDeviceIoControlFile,0.000000,0.000000,0.000000,0.000000,ntdll,[unknown],0
NtWriteFile,0.000000,0.000000,0.000000,0.000000,ntdll,[unknown],0
NtClose,0.000000,0.000000,0.000000,0.000000,ntdll,[unknown],0
NtQueryInformationFile,0.000000,0.000000,0.000000,0.000000,ntdll,[unknown],0
ZwAllocateVirtualMemory,0.000000,0.000000,0.000000,0.000000,ntdll,[unknown],0
NtFreeVirtualMemory,0.000000,0.000000,0.000000,0.000000,ntdll,[unknown],0
NtSetInformationFile,0.000000,0.000000,0.000000,0.000000,ntdll,[unknown],0
ZwOpenFile,0.000000,0.000000,0.000000,0.000000,ntdll,[unknown],0
NtProtectVirtualMemory,0.000000,0.000000,0.000000,0.000000,ntdll,[unknown],0
ZwCreateFile,0.000000,0.000000,0.000000,0.000000,ntdll,[unknown],0
ZwWaitForWorkViaWorkerFactory,0.000000,0.000000,0.000000,0.000000,ntdll,[unknown],0
ExpInterlockedPopEntrySListEnd,0.008942,0.008942,0.003585,0.003585,ntdll,[unknown],0
memset,0.000000,0.000000,0.000000,0.000000,ntdll,[unknown],0
