ZNK5csvdb3RowltERKS0_,2.820849647,,
ZnwyPv,1.79442295,,
ZNSt6chronomiIxSt5ratioILx1ELx1000000000EExS2_EENSt11common_typeIJNS_8durationIT_T0_EENS4_IT1_T2_EEEE4typeERKS7_RKSA_,1.371359882,,
ZNSaISt4pairIPPN5csvdb3RowES3_EED2Ev,0.923341756,,
ZN9__gnu_cxxneIPSt4pairIPPN5csvdb3RowES5_ESt6vectorIS6_SaIS6_EEEEbRKNS_17__normal_iteratorIT_T0_EESG_,0.843604971,,
ZN5csvdblsERSt14basic_ofstreamIcSt11char_traitsIcEERNS_10TableValueE,0.807929693,,
ZSt15__alloc_on_moveISaIcEEvRT_S2_,0.60784907,,
ZN5csvdblsERSt14basic_ofstreamIcSt11char_traitsIcEERKNS_3RowE,0.577237204,,
ZNKSt7__cxx1112basic_stringIcSt11char_traitsIcESaIcEE7_M_dataEv,0.52883732,,
ZNSt14pointer_traitsIPcE10pointer_toERc,0.474415538,,
ZNKSt7__cxx1112basic_stringIcSt11char_traitsIcESaIcEE8max_sizeEv,0.467089094,,
ZN5csvdb5Table8getValueB5cxx11ERSt14basic_ifstreamIcSt11char_traitsIcEE,0.454363974,,
ZNKSt7__cxx1112basic_stringIcSt11char_traitsIcESaIcEE4sizeEv,0.354659955,,
ZNSt11char_traitsIcE6lengthEPKc,0.316802375,,
ZSt9addressofIcEPT_RS0_,0.285662417,,
ZNKSt7__cxx1112basic_stringIcSt11char_traitsIcESaIcEE7compareERKS4_,0.270310719,,
goacc_host_init,0.257069333,,
ZNSt7__cxx1112basic_stringIcSt11char_traitsIcESaIcEE13_M_set_lengthEy,0.224336871,,
ZN5csvdb5Table8sortFileB5cxx11Ei,0.216425772,,
ZNSt11char_traitsIcE4copyEPcPKcy,0.213486555,,
ZNSt11char_traitsIcE6assignERcRKc,0.204415401,,
ZNSt7__cxx1112basic_stringIcSt11char_traitsIcESaIcEE9_M_lengthEy,0.191219266,,
ZNSt7__cxx1112basic_stringIcSt11char_traitsIcESaIcEE7_S_copyEPcPKcy,0.190143027,,
ZNSt7__cxx1112basic_stringIcSt11char_traitsIcESaIcEEpLERKS4_,0.187973581,,
ZNSt12_Vector_baseISt4pairIPPN5csvdb3RowES4_ESaIS5_EED2Ev,0.186617613,,
ZN5csvdb5Table13getRowFromCSVEPNS_3RowERSt14basic_ifstreamIcSt11char_traitsIcEE,0.166236955,,
ZSt9make_pairIRPPN5csvdb3RowES3_ESt4pairINSt17__decay_and_stripIT_E6__typeENS6_IT0_E6__typeEEOS7_OSA_,0.157720633,,
ZNSt7__cxx1112basic_stringIcSt11char_traitsIcESaIcEE12_M_constructIPcEEvT_S7_St20forward_iterator_tag,0.154357708,,
ZNSt8ios_base9precisionEx,0.146616298,,
ZStleIcSt11char_traitsIcESaIcEEbRKNSt7__cxx1112basic_stringIT_T0_T1_EESA_,0.144912211,,
ZNSt7__cxx1112basic_stringIcSt11char_traitsIcESaIcEE12_Alloc_hiderC1EPcOS3_,0.132610798,,
ZNSt7__cxx1112basic_stringIcSt11char_traitsIcESaIcEEC1ERKS4_,0.124765518,,
ZNKSt7__cxx1112basic_stringIcSt11char_traitsIcESaIcEE11_M_is_localEv,0.12274982,,
pthread_once,0.114678802,,
ZNSt7__cxx1112basic_stringIcSt11char_traitsIcESaIcEE10_S_compareEyy,0.110315742,,
ZSt4moveIRSaIcEEONSt16remove_referenceIT_E4typeEOS3_,0.106093061,,
ZNSt11char_traitsIcE7compareEPKcS2_y,0.1003077,,
ZNSt7__cxx1112basic_stringIcSt11char_traitsIcESaIcEE13_M_local_dataEv,0.096939634,,
ZNSt7__cxx1112basic_stringIcSt11char_traitsIcESaIcEE12_M_constructIPKcEEvT_S8_St20forward_iterator_tag,0.095188753,,
ZNSt7__cxx1112basic_stringIcSt11char_traitsIcESaIcEE12_Alloc_hiderD1Ev,0.084971943,,
ZSt11__addressofIcEPT_RS0_,0.082876543,,
ZNSt7__cxx1112basic_stringIcSt11char_traitsIcESaIcEE10_M_replaceEyyPKcy,0.08099094,,
ZNSt7__cxx1112basic_stringIcSt11char_traitsIcESaIcEED1Ev,0.080381602,,
ZN5csvdb14TableTimestamp14readFromStreamERSt14basic_ifstreamIcSt11char_traitsIcEE,0.080213456,,
ZN5csvdb6Column6getRowEv,0.079835513,,
ZNKSt7__cxx1112basic_stringIcSt11char_traitsIcESaIcEE13_M_local_dataEv,0.079008151,,
ZNSt7__cxx1112basic_stringIcSt11char_traitsIcESaIcEE16_M_construct_auxIPcEEvT_S7_St12__false_type,0.076604226,,
ZSt7forwardIxEOT_RNSt16remove_referenceIS0_E4typeE,0.076246851,,
ZNSt7__cxx1112basic_stringIcSt11char_traitsIcESaIcEE13_S_copy_charsEPcS5_S5_,0.073893318,,
ZNSt7__cxx1112basic_stringIcSt11char_traitsIcESaIcEE9_M_appendEPKcy,0.071717702,,
ZN5csvdb5Table10updateAggsEPPNS_10AggregatorEPNS_3RowE,0.067451827,,
ZNKSt6chrono8durationIxSt5ratioILx1ELx1000EEE5countEv,0.066661489,,
ZN5csvdb5Table11selectGroupEPKc,0.066160135,,
ZNSt14pointer_traitsIPKcE10pointer_toERS0_,0.066056265,,
ZNKSt7__cxx1112basic_stringIcSt11char_traitsIcESaIcEE4findEPKcyy,0.06497437,,
ZNSt7__cxx119to_stringEy,0.063974234,,
ZNK5csvdb12TableVarcharltERKNS_10TableValueE,0.063514532,,
ZSt8distanceIPcENSt15iterator_traitsIT_E15difference_typeES2_S2_,0.063127847,,
ZSt11__addressofIKcEPT_RS1_,0.060710038,,
ZSt9addressofIKcEPT_RS1_,0.060479673,,
ZNSt7__cxx1112basic_stringIcSt11char_traitsIcESaIcEEC1IS3_EEPKcRKS3_,0.060354206,,
ZNKSt7__cxx1112basic_stringIcSt11char_traitsIcESaIcEE6lengthEv,0.060181432,,
ZNSt7__cxx1112basic_stringIcSt11char_traitsIcESaIcEE10_M_disposeEv,0.05789886,,
ZSt4swapIPN5csvdb3RowEENSt9enable_ifIXsrSt6__and_IJSt6__not_ISt15__is_tuple_likeIT_EESt21is_move_constructibleIS7_ESt18is_move_assignableIS7_EEE5valueEvE4typeERS7_SH_,0.056338751,,
ZNSt7__cxx1112basic_stringIcSt11char_traitsIcESaIcEE12_M_constructIPcEEvT_S7_,0.054889197,,
ZN9__gnu_cxx17__is_null_pointerIcEEbPT_,0.053677207,,
ZN5csvdb12TableVarchar10writeToCSVERSt14basic_ofstreamIcSt11char_traitsIcEE,0.053621159,,
ZSt3minIyERKT_S2_S2_,0.053270468,,
ZNKSt7__cxx1112basic_stringIcSt11char_traitsIcESaIcEE4dataEv,0.052986111,,
ZN5csvdb3RowD1Ev,0.051886733,,
ZSt10__distanceIPcENSt15iterator_traitsIT_E15difference_typeES2_S2_St26random_access_iterator_tag,0.050168762,,
ZNSt16allocator_traitsISaIcEE37select_on_container_copy_constructionERKS0_,0.04792167,,
ZNSt7__cxx1112basic_stringIcSt11char_traitsIcESaIcEE16_M_construct_auxIPKcEEvT_S8_St12__false_type,0.047081968,,
ZN5csvdbrsERSt14basic_ifstreamIcSt11char_traitsIcEERNS_10TableValueE,0.046236095,,
ZNKSt7__cxx1112basic_stringIcSt11char_traitsIcESaIcEE16_M_get_allocatorEv,0.044538692,,
ZSt13__copy_move_aILb1EPPN5csvdb3RowES3_ET1_T0_S5_S4_,0.042654632,,
ZdlPvS_,0.041513089,,
ZN5csvdb14TableTimestampC2ENSt7__cxx1112basic_stringIcSt11char_traitsIcESaIcEEE,0.041133603,,
ZNSt7__cxx1112basic_stringIcSt11char_traitsIcESaIcEE12_M_constructIPKcEEvT_S8_,0.039877391,,
ZStltIcSt11char_traitsIcESaIcEEbRKNSt7__cxx1112basic_stringIT_T0_T1_EESA_,0.039395578,,
ZNKSt7__cxx1112basic_stringIcSt11char_traitsIcESaIcEE8_M_limitEyy,0.036525779,,
ZSt10__distanceIPKcENSt15iterator_traitsIT_E15difference_typeES3_S3_St26random_access_iterator_tag,0.036366889,,
ZN5csvdb12TableVarcharC1ENSt7__cxx1112basic_stringIcSt11char_traitsIcESaIcEEE,0.035953979,,
ZN9__gnu_cxx14__alloc_traitsISaIcEcE17_S_select_on_copyERKS1_,0.034523965,,
ZNKSt7__cxx1112basic_stringIcSt11char_traitsIcESaIcEE11_M_disjunctEPKc,0.033696604,,
ZNK5csvdb10TableValue14satisfiesWhereENS_12WhereOperandEPKS0_,0.033111949,,
ZNKSt7__cxx1112basic_stringIcSt11char_traitsIcESaIcEE8_M_checkEyPKc,0.032463531,,
ZNKSt7__cxx1112basic_stringIcSt11char_traitsIcESaIcEE8capacityEv,0.03062575,,
ZSt8distanceIPKcENSt15iterator_traitsIT_E15difference_typeES3_S3_,0.028590512,,
ZNSt7__cxx1112basic_stringIcSt11char_traitsIcESaIcEE13_S_copy_charsEPcPKcS7_,0.027550268,,
ZNSt7__cxx1112basic_stringIcSt11char_traitsIcESaIcEEC1ERKS4_yy,0.027140958,,
ZNKSt7__cxx1112basic_stringIcSt11char_traitsIcESaIcEE15_M_check_lengthEyyPKc,0.026975383,,
ZN5csvdb5Table11selectOrderEPKc,0.024895924,,
ZN9__gnu_cxx6__stoaIyycJiEEET0_PFT_PKT1_PPS3_DpT2_EPKcS5_PyS9_,0.024667615,,
ZN9__gnu_cxx13new_allocatorIPN5csvdb3RowEE9constructIS3_JRKS3_EEEvPT_DpOT0_,0.024040795,,
ZNSt11char_traitsIcE4findEPKcyRS1_,0.023015977,,
ZSt4moveIRPN5csvdb3RowEEONSt16remove_referenceIT_E4typeEOS5_,0.022821092,,
ZN5csvdb10TableValueC2Ev,0.022313054,,
ZN5csvdb6maxAgg6updateEPNS_10TableValueE,0.022271917,,
ZNSt16allocator_traitsISaIcEE8max_sizeERKS0_,0.020577086,,
ZN9__gnu_cxx17__is_null_pointerIKcEEbPT_,0.018900251,,
ZNKSt7__cxx1112basic_stringIcSt11char_traitsIcESaIcEE4findEPKcy,0.018895109,,
ZNKSt7__cxx1112basic_stringIcSt11char_traitsIcESaIcEE7compareEPKc,0.018825177,,
ZSt9iter_swapIPPN5csvdb3RowES3_EvT_T0_,0.018175731,,
ZN5csvdb14TableTimestamp10writeToCSVERSt14basic_ofstreamIcSt11char_traitsIcEE,0.017460981,,
ZNSt7__cxx1112basic_stringIcSt11char_traitsIcESaIcEE12_Alloc_hiderC1EPcRKS3_,0.01665933,,
ZSteqIcEN9__gnu_cxx11__enable_ifIXsrSt9__is_charIT_E7__valueEbE6__typeERKNSt7__cxx1112basic_stringIS3_St11char_traitsIS3_ESaIS3_EEESE_,0.016237679,,
ZNSt6vectorIPN5csvdb3RowESaIS2_EE9push_backERKS2_,0.015827855,,
ZSt19__iterator_categoryIPcENSt15iterator_traitsIT_E17iterator_categoryERKS2_,0.015023633,,
ZN5csvdb12TableVarchar5cloneEv,0.013979275,,
ZN5csvdb12TableVarchar14readFromStreamERSt14basic_ifstreamIcSt11char_traitsIcEE,0.013567394,,
ZStneIcSt11char_traitsIcESaIcEEbRKNSt7__cxx1112basic_stringIT_T0_T1_EESA_,0.013363253,,
ZZN9__gnu_cxx6__stoaIyycJiEEET0_PFT_PKT1_PPS3_DpT2_EPKcS5_PyS9_EN11_Save_errnoD1Ev,0.013360168,,
ZNK9__gnu_cxx13new_allocatorIcE8max_sizeEv,0.013358111,,
ZN5csvdb3RowC1EPPNS_10TableValueEi,0.011822684,,
ZNK5csvdb12TableVarchar6isNullEv,0.01132493,,
ZN9__gnu_cxxneIPPN5csvdb3RowESt6vectorIS3_SaIS3_EEEEbRKNS_17__normal_iteratorIT_T0_EESD_,0.010039923,,
ZSt19__iterator_categoryIPKcENSt15iterator_traitsIT_E17iterator_categoryERKS3_,0.009472751,,
ZZN9__gnu_cxx6__stoaIyycJiEEET0_PFT_PKT1_PPS3_DpT2_EPKcS5_PyS9_EN11_Save_errnoC1Ev,0.009457325,,
ZNK9__gnu_cxx17__normal_iteratorIPcNSt7__cxx1112basic_stringIcSt11char_traitsIcESaIcEEEE4baseEv,0.00925267,,
ZN5csvdb8countAgg6updateEPNS_10TableValueE,0.009251127,,
ZNKSt7__cxx1112basic_stringIcSt11char_traitsIcESaIcEE6substrEyy,0.00791367,,
ZN5csvdb14TableTimestampC1Ei,0.007837053,,
ZNK5csvdb12TableVarcharneERKNS_10TableValueE,0.00783294,,
ZSteqIcSt11char_traitsIcESaIcEEbRKNSt7__cxx1112basic_stringIT_T0_T1_EEPKS5_,0.007596918,,
ZZN9__gnu_cxx6__stoaIyycJiEEET0_PFT_PKT1_PPS3_DpT2_EPKcS5_PyS9_EN10_Range_chk6_S_chkEySt17integral_constantIbLb0EE,0.007211776,,
ZN5csvdb14TableTimestamp5cloneEv,0.006147364,,
ZN9__gnu_cxx17__normal_iteratorIPPN5csvdb3RowESt6vectorIS3_SaIS3_EEEppEv,0.00596482,,
ZSt7forwardIRKPN5csvdb3RowEEOT_RNSt16remove_referenceIS5_E4typeE,0.005740111,,
ZNSt16allocator_traitsISaIPN5csvdb3RowEEE9constructIS2_JRKS2_EEEvRS3_PT_DpOT0_,0.005650638,,
ZNKSt4lessIPKcEclES1_S1_,0.005565794,,
ZNK5csvdb14TableTimestampgtERKNS_10TableValueE,0.00554574,,
ZStorSt13_Ios_OpenmodeS_,0.005540083,,
ZNK9__gnu_cxx17__normal_iteratorIPPN5csvdb3RowESt6vectorIS3_SaIS3_EEEdeEv,0.003912099,,
ZNKSt7__cxx1112basic_stringIcSt11char_traitsIcESaIcEE5c_strEv,0.003706416,,
ZNK9__gnu_cxx17__normal_iteratorIPPN5csvdb3RowESt6vectorIS3_SaIS3_EEE4baseEv,0.00205632,,
ZN9__gnu_cxx13new_allocatorIPN5csvdb3RowEE10deallocateEPS3_y,0,,
ZN9__gnu_cxx13new_allocatorIPN5csvdb3RowEE8allocateEyPKv,0,,
GOMP_parallel,0,,
ZN5csvdb5Table12requestOrderEv,0,,
ZN5csvdb5Table6selectEPKc,0,,
ZNSt7__cxx116stoullERKNS_12basic_stringIcSt11char_traitsIcESaIcEEEPyi,0,,
Table_select,0,,
ZNSt11__copy_moveILb0ELb1ESt26random_access_iterator_tagE8__copy_mIPN5csvdb3RowEEEPT_PKS6_S9_S7_,0,,
ZNSt12_Vector_baseIPN5csvdb3RowESaIS2_EE11_M_allocateEy,0,,
ZSt4copyIN9__gnu_cxx17__normal_iteratorIPPN5csvdb3RowESt6vectorIS4_SaIS4_EEEES5_ET0_T_SB_SA_,0,,
ZNSt12_Vector_baseIPN5csvdb3RowESaIS2_EE13_M_deallocateEPS2_y,0,,
ZNSt12_Vector_baseIPN5csvdb3RowESaIS2_EED2Ev,0,,
ZNSt13move_iteratorIPSt4pairIPN5csvdb3RowExEEppEv,0,,
ZSt18uninitialized_copyIN9__gnu_cxx17__normal_iteratorIPPN5csvdb3RowESt6vectorIS4_SaIS4_EEEES5_ET0_T_SB_SA_,0,,
ZNSt16allocator_traitsISaIPN5csvdb3RowEEE10deallocateERS3_PS2_y,0,,
ZSt14__copy_move_a2ILb0EN9__gnu_cxx17__normal_iteratorIPPN5csvdb3RowESt6vectorIS4_SaIS4_EEEES5_ET1_T0_SB_SA_,0,,
ZNSt16allocator_traitsISaIPN5csvdb3RowEEE8allocateERS3_y,0,,
ZSt13__copy_move_aILb0EPPN5csvdb3RowES3_ET1_T0_S5_S4_,0,,
ZNSt20__uninitialized_copyILb1EE13__uninit_copyIN9__gnu_cxx17__normal_iteratorIPPN5csvdb3RowESt6vectorIS6_SaIS6_EEEES7_EET0_T_SD_SC_,0,,
ZNSt6vectorIPN5csvdb3RowESaIS2_EE20_M_allocate_and_copyISt13move_iteratorIPS2_EEES7_yT_S9_,0,,
ZNSt6vectorIPN5csvdb3RowESaIS2_EE7reserveEy,0,,
ZNSt6vectorIPN5csvdb3RowESaIS2_EED1Ev,0,,
,20,,
